FECHA,HH,HSC
01/01/13,3.425,3.33
02/01/13,3.425,3.33
03/01/13,3.3,3.22
04/01/13,3.195,3.08
05/01/13,3.205,3.12
06/01/13,3.205,3.12
07/01/13,3.205,3.12
08/01/13,3.29,3.23
09/01/13,3.215,3.185
10/01/13,3.135,3.095
11/01/13,3.08,3.07
12/01/13,3.18,3.12
13/01/13,3.18,3.12
14/01/13,3.18,3.12
15/01/13,3.385,3.38
16/01/13,3.4,3.385
17/01/13,3.435,3.38
18/01/13,3.44,3.365
19/01/13,3.54,3.5
20/01/13,3.54,3.5
21/01/13,3.54,3.5
22/01/13,3.54,3.5
23/01/13,3.625,3.545
24/01/13,3.535,3.42
25/01/13,3.565,3.455
26/01/13,3.42,3.36
27/01/13,3.42,3.36
28/01/13,3.42,3.36
29/01/13,3.25,3.175
30/01/13,3.13,3.125
31/01/13,3.235,3.195
01/02/13,3.33,3.22
02/02/13,3.335,3.225
03/02/13,3.335,3.225
04/02/13,3.335,3.225
05/02/13,3.275,3.18
06/02/13,3.34,3.25
07/02/13,3.41,3.33
08/02/13,3.385,3.315
09/02/13,3.255,3.225
10/02/13,3.255,3.225
11/02/13,3.255,3.225
12/02/13,3.195,3.185
13/02/13,3.305,3.275
14/02/13,3.28,3.26
15/02/13,3.295,3.27
16/02/13,3.19,3.155
17/02/13,3.19,3.155
18/02/13,3.19,3.155
19/02/13,3.19,3.155
20/02/13,3.225,3.2
21/02/13,3.34,3.28
22/02/13,3.29,3.24
23/02/13,3.265,3.21
24/02/13,3.265,3.21
25/02/13,3.265,3.21
26/02/13,3.42,3.37
27/02/13,3.455,3.4
28/02/13,3.495,3.425
01/03/13,3.485,3.455
02/03/13,3.54,3.465
03/03/13,3.54,3.465
04/03/13,3.54,3.465
05/03/13,3.535,3.46
06/03/13,3.63,3.61
07/03/13,3.575,3.555
08/03/13,3.535,3.485
09/03/13,3.575,3.535
10/03/13,3.575,3.535
11/03/13,3.575,3.535
12/03/13,3.635,3.6
13/03/13,3.705,3.665
14/03/13,3.72,3.68
15/03/13,3.745,3.695
16/03/13,3.89,3.845
17/03/13,3.89,3.845
18/03/13,3.89,3.845
19/03/13,3.98,3.935
20/03/13,3.96,3.895
21/03/13,3.965,3.92
22/03/13,4.01,3.98
23/03/13,4.005,4
24/03/13,4.005,4
25/03/13,4.005,4
26/03/13,4.075,4
27/03/13,3.995,3.925
28/03/13,4.085,4.035
29/03/13,4.085,4.035
30/03/13,4.085,4.035
31/03/13,4.085,4.035
01/04/13,4.01,4.035
02/04/13,3.97,3.935
03/04/13,4.075,4.06
04/04/13,4.005,3.965
05/04/13,3.945,3.88
06/04/13,3.99,3.92
07/04/13,3.99,3.92
08/04/13,3.99,3.92
09/04/13,4.18,4.195
10/04/13,4.08,4.07
11/04/13,4.07,4.03
12/04/13,4.115,4.09
13/04/13,4.215,4.175
14/04/13,4.215,4.175
15/04/13,4.215,4.175
16/04/13,4.235,4.265
17/04/13,4.195,4.175
18/04/13,4.235,4.19
19/04/13,4.225,4.195
20/04/13,4.375,4.36
21/04/13,4.375,4.36
22/04/13,4.375,4.36
23/04/13,4.33,4.345
24/04/13,4.275,4.305
25/04/13,4.255,4.28
26/04/13,4.195,4.195
27/04/13,4.16,4.125
28/04/13,4.16,4.125
29/04/13,4.16,4.125
30/04/13,4.275,4.23
01/05/13,4.305,4.3
02/05/13,4.305,4.32
03/05/13,4.28,4.325
04/05/13,3.965,4
05/05/13,3.965,4
06/05/13,3.965,4
07/05/13,3.93,3.965
08/05/13,3.88,3.98
09/05/13,3.86,3.915
10/05/13,3.875,3.885
11/05/13,3.905,3.92
12/05/13,3.905,3.92
13/05/13,3.905,3.92
14/05/13,3.87,3.945
15/05/13,3.925,3.965
16/05/13,4.03,4.025
17/05/13,4.005,3.97
18/05/13,3.895,3.92
19/05/13,3.895,3.92
20/05/13,3.895,3.92
21/05/13,4.1,4.09
22/05/13,4.13,4.165
23/05/13,4.165,4.185
24/05/13,4.145,4.155
25/05/13,4.155,4.16
26/05/13,4.155,4.16
27/05/13,4.155,4.16
28/05/13,4.155,4.16
29/05/13,4.185,4.19
30/05/13,4.155,4.13
31/05/13,4.12,4.125
01/06/13,4.025,3.955
02/06/13,4.025,3.955
03/06/13,4.025,3.955
04/06/13,4,3.94
05/06/13,4,3.93
06/06/13,3.985,3.945
07/06/13,3.925,3.89
08/06/13,3.79,3.705
09/06/13,3.79,3.705
10/06/13,3.79,3.705
11/06/13,3.85,3.79
12/06/13,3.765,3.71
13/06/13,3.74,3.705
14/06/13,3.725,3.745
15/06/13,3.765,3.76
16/06/13,3.765,3.76
17/06/13,3.765,3.76
18/06/13,3.78,3.845
19/06/13,3.9,3.85
20/06/13,3.935,3.865
21/06/13,3.9,3.84
22/06/13,3.845,3.84
23/06/13,3.845,3.84
24/06/13,3.845,3.84
25/06/13,3.81,3.82
26/06/13,3.77,3.745
27/06/13,3.725,3.66
28/06/13,3.73,3.715
29/06/13,3.73,3.715
30/06/13,3.73,3.715
01/07/13,3.57,3.605
02/07/13,3.525,3.495
03/07/13,3.58,3.55
04/07/13,3.535,3.495
05/07/13,3.535,3.495
06/07/13,3.525,3.54
07/07/13,3.525,3.54
08/07/13,3.525,3.54
09/07/13,3.655,3.615
10/07/13,3.695,3.68
11/07/13,3.69,3.67
12/07/13,3.64,3.635
13/07/13,3.605,3.58
14/07/13,3.605,3.58
15/07/13,3.605,3.58
16/07/13,3.67,3.615
17/07/13,3.69,3.6
18/07/13,3.675,3.605
19/07/13,3.67,3.63
20/07/13,3.785,3.755
21/07/13,3.785,3.755
22/07/13,3.785,3.755
23/07/13,3.71,3.685
24/07/13,3.685,3.665
25/07/13,3.7,3.72
26/07/13,3.685,3.7
27/07/13,3.59,3.595
28/07/13,3.59,3.595
29/07/13,3.59,3.595
30/07/13,3.485,3.455
31/07/13,3.48,3.405
01/08/13,3.455,3.43
02/08/13,3.43,3.4
03/08/13,3.39,3.355
04/08/13,3.39,3.355
05/08/13,3.39,3.355
06/08/13,3.33,3.3
07/08/13,3.35,3.37
08/08/13,3.32,3.315
09/08/13,3.27,3.24
10/08/13,3.32,3.26
11/08/13,3.32,3.26
12/08/13,3.32,3.26
13/08/13,3.345,3.315
14/08/13,3.34,3.31
15/08/13,3.355,3.31
16/08/13,3.335,3.3
17/08/13,3.35,3.345
18/08/13,3.35,3.345
19/08/13,3.35,3.345
20/08/13,3.465,3.485
21/08/13,3.485,3.51
22/08/13,3.51,3.52
23/08/13,3.52,3.51
24/08/13,3.505,3.505
25/08/13,3.505,3.505
26/08/13,3.505,3.505
27/08/13,3.555,3.535
28/08/13,3.5,3.495
29/08/13,3.54,3.505
30/08/13,3.58,3.59
31/08/13,3.58,3.59
01/09/13,3.575,3.65
02/09/13,3.575,3.65
03/09/13,3.575,3.65
04/09/13,3.65,3.725
05/09/13,3.68,3.71
06/09/13,3.69,3.74
07/09/13,3.545,3.605
08/09/13,3.545,3.605
09/09/13,3.545,3.605
10/09/13,3.595,3.66
11/09/13,3.625,3.64
12/09/13,3.6,3.625
13/09/13,3.57,3.605
14/09/13,3.605,3.61
15/09/13,3.605,3.61
16/09/13,3.605,3.61
17/09/13,3.645,3.74
18/09/13,3.765,3.83
19/09/13,3.71,3.765
20/09/13,3.725,3.745
21/09/13,3.725,3.705
22/09/13,3.725,3.705
23/09/13,3.685,3.705
24/09/13,3.645,3.64
25/09/13,3.59,3.57
26/09/13,3.52,3.465
27/09/13,3.485,3.37
28/09/13,3.5,3.415
29/09/13,3.5,3.415
30/09/13,3.5,3.415
01/10/13,3.495,3.46
02/10/13,3.565,3.605
03/10/13,3.605,3.635
04/10/13,3.58,3.575
05/10/13,3.565,3.52
06/10/13,3.565,3.52
07/10/13,3.565,3.52
08/10/13,3.61,3.575
09/10/13,3.71,3.67
10/10/13,3.705,3.675
11/10/13,3.74,3.675
12/10/13,3.725,3.665
13/10/13,3.725,3.665
14/10/13,3.725,3.665
15/10/13,3.805,3.73
16/10/13,3.83,3.8
17/10/13,3.845,3.815
18/10/13,3.755,3.71
19/10/13,3.72,3.67
20/10/13,3.72,3.67
21/10/13,3.72,3.67
22/10/13,3.78,3.725
23/10/13,3.695,3.65
24/10/13,3.66,3.62
25/10/13,3.645,3.585
26/10/13,3.675,3.62
27/10/13,3.675,3.62
28/10/13,3.675,3.62
29/10/13,3.62,3.585
30/10/13,3.56,3.52
31/10/13,3.56,3.535
01/11/13,3.565,3.54
02/11/13,3.455,3.335
03/11/13,3.455,3.335
04/11/13,3.455,3.335
05/11/13,3.38,3.3
06/11/13,3.38,3.27
07/11/13,3.46,3.39
08/11/13,3.57,3.505
09/11/13,3.54,3.47
10/11/13,3.54,3.47
11/11/13,3.54,3.47
12/11/13,3.625,3.575
13/11/13,3.695,3.605
14/11/13,3.675,3.515
15/11/13,3.52,3.4
16/11/13,3.56,3.475
17/11/13,3.56,3.475
18/11/13,3.56,3.475
19/11/13,3.705,3.55
20/11/13,3.625,3.505
21/11/13,3.625,3.525
22/11/13,3.68,3.62
23/11/13,3.775,3.755
24/11/13,3.775,3.755
25/11/13,3.775,3.755
26/11/13,3.85,3.84
27/11/13,3.865,3.865
28/11/13,3.865,3.865
29/11/13,3.865,3.865
30/11/13,3.865,3.865
01/12/13,3.785,3.79
02/12/13,3.785,3.79
03/12/13,3.84,3.805
04/12/13,3.83,3.825
05/12/13,3.87,3.965
06/12/13,3.975,4.075
07/12/13,4.145,4.295
08/12/13,4.145,4.295
09/12/13,4.145,4.295
10/12/13,4.21,4.28
11/12/13,4.32,4.27
12/12/13,4.235,4.185
13/12/13,4.395,4.36
14/12/13,4.355,4.325
15/12/13,4.355,4.325
16/12/13,4.355,4.325
17/12/13,4.22,4.205
18/12/13,4.21,4.205
19/12/13,4.26,4.23
20/12/13,4.26,4.215
21/12/13,4.35,4.33
22/12/13,4.35,4.33
23/12/13,4.35,4.33
24/12/13,4.52,4.45
25/12/13,4.455,4.35
26/12/13,4.455,4.35
27/12/13,4.395,4.305
28/12/13,4.32,4.25
29/12/13,4.32,4.25
30/12/13,4.32,4.25
31/12/13,4.415,4.335
01/01/14,4.34,4.265
02/01/14,4.34,4.265
03/01/14,4.325,4.25
04/01/14,4.34,4.26
05/01/14,4.34,4.26
06/01/14,4.34,4.26
07/01/14,4.505,4.535
08/01/14,4.54,4.42
09/01/14,4.35,4.24
10/01/14,4.14,4.04
11/01/14,3.955,3.88
12/01/14,3.955,3.88
13/01/14,3.955,3.88
14/01/14,4.195,4.095
15/01/14,4.355,4.27
16/01/14,4.44,4.35
17/01/14,4.535,4.46
18/01/14,4.395,4.345
19/01/14,4.395,4.345
20/01/14,4.395,4.345
21/01/14,4.395,4.345
22/01/14,4.59,4.495
23/01/14,4.91,4.94
24/01/14,5.55,5.785
25/01/14,5.18,5.045
26/01/14,5.18,5.045
27/01/14,5.18,5.045
28/01/14,5.685,5.445
29/01/14,5.24,5.07
30/01/14,5.205,5.125
31/01/14,5.29,5.225
01/02/14,5.02,4.985
02/02/14,5.02,4.985
03/02/14,5.02,4.985
04/02/14,5.04,5.235
05/02/14,5.76,5.895
06/02/14,7.84,10.475
07/02/14,6.83,8.46
08/02/14,6.83,6.865
09/02/14,6.83,6.865
10/02/14,6.83,6.865
11/02/14,7.76,8.28
12/02/14,7.755,7.655
13/02/14,6.06,5.885
14/02/14,5.29,5.085
15/02/14,5.53,5.405
16/02/14,5.53,5.405
17/02/14,5.53,5.405
18/02/14,5.53,5.405
19/02/14,4.445,5.625
20/02/14,5.955,5.78
21/02/14,5.93,5.71
22/02/14,6.215,6.06
23/02/14,6.215,6.06
24/02/14,6.215,6.06
25/02/14,6.03,6.11
26/02/14,5.21,5.21
27/02/14,4.825,4.7
28/02/14,4.53,4.52
01/03/14,4.7,4.735
02/03/14,4.7,4.735
03/03/14,4.7,4.735
04/03/14,6.935,7.565
05/03/14,7.94,8.145
06/03/14,6.415,5.98
07/03/14,4.84,4.72
08/03/14,4.77,4.86
09/03/14,4.77,4.86
10/03/14,4.77,4.86
11/03/14,4.64,4.6
12/03/14,4.66,4.59
13/03/14,4.675,4.62
14/03/14,4.385,4.34
15/03/14,4.39,4.3
16/03/14,4.39,4.3
17/03/14,4.39,4.3
18/03/14,4.58,4.485
19/03/14,4.445,4.4
20/03/14,4.44,4.355
21/03/14,4.35,4.34
22/03/14,4.31,4.305
23/03/14,4.31,4.305
24/03/14,4.31,4.305
25/03/14,4.395,4.3
26/03/14,4.5,4.395
27/03/14,4.43,4.35
28/03/14,4.385,4.31
29/03/14,4.48,4.435
30/03/14,4.48,4.435
31/03/14,4.48,4.435
01/04/14,4.475,4.435
02/04/14,4.35,4.345
03/04/14,4.36,4.345
04/04/14,4.485,4.445
05/04/14,4.485,4.445
06/04/14,4.485,4.445
07/04/14,4.485,4.445
08/04/14,4.555,4.54
09/04/14,4.555,4.52
10/04/14,4.655,4.6
11/04/14,4.57,4.52
12/04/14,4.645,4.61
13/04/14,4.65,4.61
14/04/14,4.645,4.61
15/04/14,4.63,4.59
16/04/14,4.665,4.605
17/04/14,4.625,4.535
18/04/14,4.555,4.535
19/04/14,4.555,4.535
20/04/14,4.555,4.535
21/04/14,4.555,4.535
22/04/14,4.76,4.75
23/04/14,4.735,4.7
24/04/14,4.785,4.75
25/04/14,4.805,4.78
26/04/14,4.705,4.685
27/04/14,4.705,4.685
28/04/14,4.705,4.685
29/04/14,4.78,4.75
30/04/14,4.82,4.76
01/05/14,4.785,4.685
02/05/14,4.78,4.685
03/05/14,4.715,4.63
04/05/14,4.715,4.63
05/05/14,4.715,4.63
06/05/14,4.715,4.595
07/05/14,4.785,4.635
08/05/14,4.835,4.7
09/05/14,4.735,4.595
10/05/14,4.58,4.43
11/05/14,4.58,4.43
12/05/14,4.58,4.43
13/05/14,4.5,4.37
14/05/14,4.46,4.325
15/05/14,4.41,4.295
16/05/14,4.35,4.28
17/05/14,4.43,4.345
18/05/14,4.43,4.345
19/05/14,4.43,4.345
20/05/14,4.515,4.435
21/05/14,4.525,4.425
22/05/14,4.57,4.475
23/05/14,4.48,4.34
24/05/14,4.38,4.28
25/05/14,4.38,4.28
26/05/14,4.38,4.28
27/05/14,4.38,4.28
28/05/14,4.425,4.38
29/05/14,4.545,4.43
30/05/14,4.61,4.55
31/05/14,4.61,4.55
01/06/14,4.485,4.53
02/06/14,4.485,4.53
03/06/14,4.525,4.66
04/06/14,4.595,4.675
05/06/14,4.57,4.625
06/06/14,4.635,4.685
07/06/14,4.645,4.7
08/06/14,4.645,4.7
09/06/14,4.645,4.7
10/06/14,4.66,4.725
11/06/14,4.57,4.62
12/06/14,4.5,4.545
13/06/14,4.495,4.535
14/06/14,4.67,4.7
15/06/14,4.67,4.7
16/06/14,4.67,4.7
17/06/14,4.705,4.71
18/06/14,4.67,4.675
19/06/14,4.695,4.715
20/06/14,4.645,4.655
21/06/14,4.51,4.54
22/06/14,4.51,4.54
23/06/14,4.51,4.54
24/06/14,4.48,4.495
25/06/14,4.5,4.6
26/06/14,4.575,4.645
27/06/14,4.555,4.59
28/06/14,4.385,4.4
29/06/14,4.385,4.4
30/06/14,4.385,4.4
01/07/14,4.415,4.45
02/07/14,4.44,4.445
03/07/14,4.39,4.405
04/07/14,4.29,4.295
05/07/14,4.29,4.295
06/07/14,4.29,4.295
07/07/14,4.29,4.295
08/07/14,4.25,4.28
09/07/14,4.16,4.17
10/07/14,4.15,4.18
11/07/14,4.115,4.145
12/07/14,4.09,4.08
13/07/14,4.09,4.08
14/07/14,4.09,4.08
15/07/14,4.105,4.135
16/07/14,4.11,4.1
17/07/14,4.1,4.09
18/07/14,4.035,4.02
19/07/14,3.905,3.89
20/07/14,3.905,3.89
21/07/14,3.905,3.89
22/07/14,3.845,3.865
23/07/14,3.795,3.83
24/07/14,3.79,3.82
25/07/14,3.805,3.82
26/07/14,3.785,3.825
27/07/14,3.785,3.825
28/07/14,3.785,3.825
29/07/14,3.82,3.825
30/07/14,3.76,3.74
31/07/14,3.76,3.74
01/08/14,3.745,3.745
02/08/14,3.74,3.79
03/08/14,3.74,3.79
04/08/14,3.74,3.79
05/08/14,3.79,3.81
06/08/14,3.845,3.87
07/08/14,3.89,3.995
08/08/14,3.97,4.015
09/08/14,3.915,3.96
10/08/14,3.915,3.96
11/08/14,3.915,3.96
12/08/14,3.945,4.05
13/08/14,3.92,4
14/08/14,3.87,3.945
15/08/14,3.825,3.9
16/08/14,3.765,3.865
17/08/14,3.765,3.865
18/08/14,3.765,3.865
19/08/14,3.755,3.865
20/08/14,3.84,3.94
21/08/14,3.845,3.92
22/08/14,3.865,3.93
23/08/14,3.86,3.93
24/08/14,3.86,3.93
25/08/14,3.86,3.93
26/08/14,3.93,3.995
27/08/14,3.94,3.97
28/08/14,3.985,4.015
29/08/14,4.02,4
30/08/14,4.02,4
31/08/14,4.02,4
01/09/14,4.025,4.015
02/09/14,4.025,4.015
03/09/14,4.005,4
04/09/14,3.94,3.925
05/09/14,3.89,3.875
06/09/14,3.84,3.83
07/09/14,3.84,3.83
08/09/14,3.84,3.83
09/09/14,3.85,3.84
10/09/14,3.93,3.955
11/09/14,3.97,3.95
12/09/14,3.93,3.865
13/09/14,3.805,3.85
14/09/14,3.805,3.85
15/09/14,3.805,3.85
16/09/14,3.9,3.935
17/09/14,3.85,3.9
18/09/14,3.965,4.06
19/09/14,3.965,4.05
20/09/14,3.86,3.94
21/09/14,3.86,3.94
22/09/14,3.86,3.94
23/09/14,3.865,3.91
24/09/14,3.895,3.92
25/09/14,3.835,3.88
26/09/14,3.886,3.91
27/09/14,3.905,3.925
28/09/14,3.905,3.925
29/09/14,3.905,3.925
30/09/14,4.015,4.015
01/10/14,4.135,4.04
02/10/14,4.135,4.05
03/10/14,3.99,3.865
04/10/14,3.945,3.85
05/10/14,3.945,3.85
06/10/14,3.945,3.85
07/10/14,3.885,3.905
08/10/14,3.87,3.9
09/10/14,3.88,3.89
10/10/14,3.865,3.865
11/10/14,3.855,3.83
12/10/14,3.855,3.83
13/10/14,3.855,3.83
14/10/14,3.807,3.77
15/10/14,3.91,3.86
16/10/14,3.82,3.735
17/10/14,3.79,3.71
18/10/14,3.715,3.615
19/10/14,3.715,3.615
20/10/14,3.715,3.615
21/10/14,3.68,3.62
22/10/14,3.615,3.645
23/10/14,3.675,3.62
24/10/14,3.595,3.53
25/10/14,3.535,3.455
26/10/14,3.535,3.455
27/10/14,3.535,3.455
28/10/14,3.55,3.5
29/10/14,3.515,3.46
30/10/14,3.57,3.5
31/10/14,3.74,3.63
01/11/14,3.84,3.535
02/11/14,3.84,3.535
03/11/14,3.84,3.535
04/11/14,3.705,3.46
05/11/14,3.675,3.455
06/11/14,3.805,3.67
07/11/14,3.9,3.835
08/11/14,3.99,4.03
09/11/14,3.99,4.03
10/11/14,3.99,4.03
11/11/14,4.135,4.12
12/11/14,4.07,4.075
13/11/14,4.205,4.16
14/11/14,4.175,4.165
15/11/14,4.04,3.935
16/11/14,4.04,3.935
17/11/14,4.04,3.935
18/11/14,4.22,4.22
19/11/14,4.32,4.295
20/11/14,4.395,4.44
21/11/14,4.41,4.42
22/11/14,4.315,4.3
23/11/14,4.315,4.3
24/11/14,4.315,4.3
25/11/14,4.065,4.095
26/11/14,4.13,4.075
27/11/14,4.13,4.075
28/11/14,4.13,4.075
29/11/14,4.13,4.075
30/11/14,4.13,4.075
01/12/14,4.235,4.14
02/12/14,3.89,3.83
03/12/14,3.74,3.62
04/12/14,3.63,3.53
05/12/14,3.545,3.42
06/12/14,3.425,3.245
07/12/14,3.425,3.245
08/12/14,3.425,3.245
09/12/14,3.5,3.39
10/12/14,3.615,3.455
11/12/14,3.61,3.435
12/12/14,3.67,3.425
13/12/14,3.58,3.395
14/12/14,3.58,3.395
15/12/14,3.58,3.395
16/12/14,3.665,3.585
17/12/14,3.57,3.49
18/12/14,3.655,3.615
19/12/14,3.685,3.595
20/12/14,3.425,3.315
21/12/14,3.425,3.315
22/12/14,3.425,3.315
23/12/14,3.2,2.89
24/12/14,2.965,2.725
25/12/14,2.745,2.675
26/12/14,2.745,2.675
27/12/14,2.745,2.675
28/12/14,2.745,2.675
29/12/14,2.745,2.675
30/12/14,3,3.02
31/12/14,3.135,3.03
01/01/15,2.995,2.925
02/01/15,2.995,2.925
03/01/15,2.985,2.995
04/01/15,2.985,2.995
05/01/15,2.985,2.995
06/01/15,3.205,3.105
07/01/15,2.965,2.915
08/01/15,3.07,3.115
09/01/15,2.915,2.88
10/01/15,2.915,2.885
11/01/15,2.915,2.885
12/01/15,2.95,2.885
13/01/15,2.895,2.885
14/01/15,2.89,2.865
15/01/15,3.13,3.13
16/01/15,3.33,3.235
17/01/15,3.095,3.05
18/01/15,3.095,3.05
19/01/15,3.095,3.05
20/01/15,3.095,3.05
21/01/15,2.92,2.86
22/01/15,2.945,2.84
23/01/15,2.925,2.825
24/01/15,2.96,2.835
25/01/15,2.96,2.835
26/01/15,2.96,2.835
27/01/15,2.925,2.775
28/01/15,2.95,2.775
29/01/15,2.895,2.75
30/01/15,2.87,2.735
31/01/15,2.675,2.735
01/02/15,2.675,2.52
02/02/15,2.675,2.52
03/02/15,2.625,2.54
04/02/15,2.67,2.515
05/02/15,2.725,2.595
06/02/15,2.63,2.46
07/02/15,2.555,2.405
08/02/15,2.555,2.405
09/02/15,2.555,2.405
10/02/15,2.6,2.455
11/02/15,2.635,2.525
12/02/15,2.845,2.71
13/02/15,2.865,2.7
14/02/15,2.73,2.615
15/02/15,2.73,2.615
16/02/15,2.73,2.615
17/02/15,2.73,2.615
18/02/15,2.95,2.695
19/02/15,2.93,2.695
20/02/15,2.965,2.7
21/02/15,2.985,2.89
22/02/15,2.985,2.89
23/02/15,2.985,2.89
24/02/15,3.19,3.165
25/02/15,3.12,2.965
26/02/15,3.2,3.02
27/02/15,3.105,2.93
28/02/15,2.77,2.93
01/03/15,2.77,2.635
02/03/15,2.77,2.635
03/03/15,2.85,2.77
04/03/15,2.945,2.95
05/03/15,3.26,3.29
06/03/15,3.275,3.085
07/03/15,2.88,2.8
08/03/15,2.88,2.8
09/03/15,2.88,2.8
10/03/15,2.725,2.71
11/03/15,2.735,2.62
12/03/15,2.79,2.625
13/03/15,2.82,2.71
14/03/15,2.695,2.615
15/03/15,2.695,2.615
16/03/15,2.695,2.615
17/03/15,2.66,2.55
18/03/15,2.79,2.65
19/03/15,2.77,2.65
20/03/15,2.85,2.72
21/03/15,2.82,2.72
22/03/15,2.82,2.72
23/03/15,2.82,2.72
24/03/15,2.685,2.56
25/03/15,2.78,2.64
26/03/15,2.74,2.55
27/03/15,2.74,2.615
28/03/15,2.64,2.52
29/03/15,2.64,2.52
30/03/15,2.64,2.52
31/03/15,2.61,2.55
01/04/15,2.625,2.615
02/04/15,2.595,2.59
03/04/15,2.585,2.58
04/04/15,2.585,2.58
05/04/15,2.585,2.58
06/04/15,2.585,2.58
07/04/15,2.62,2.605
08/04/15,2.67,2.635
09/04/15,2.67,2.645
10/04/15,2.625,2.58
11/04/15,2.545,2.5
12/04/15,2.545,2.5
13/04/15,2.545,2.5
14/04/15,2.56,2.535
15/04/15,2.56,2.545
16/04/15,2.58,2.555
17/04/15,2.58,2.55
18/04/15,2.635,2.635
19/04/15,2.635,2.635
20/04/15,2.635,2.635
21/04/15,2.535,2.55
22/04/15,2.565,2.55
23/04/15,2.605,2.55
24/04/15,2.555,2.505
25/04/15,2.56,2.495
26/04/15,2.56,2.495
27/04/15,2.56,2.495
28/04/15,2.485,2.52
29/04/15,2.535,2.55
30/04/15,2.555,2.585
01/05/15,2.565,2.515
02/05/15,2.665,2.62
03/05/15,2.665,2.62
04/05/15,2.665,2.62
05/05/15,2.72,2.725
06/05/15,2.76,2.695
07/05/15,2.745,2.695
08/05/15,2.775,2.725
09/05/15,2.77,2.755
10/05/15,2.77,2.755
11/05/15,2.77,2.755
12/05/15,2.855,2.82
13/05/15,2.85,2.83
14/05/15,2.86,2.8
15/05/15,2.87,2.81
16/05/15,2.96,2.92
17/05/15,2.96,2.92
18/05/15,2.96,2.92
19/05/15,3.005,2.96
20/05/15,3.065,3.07
21/05/15,2.99,2.98
22/05/15,2.93,2.9
23/05/15,2.885,2.91
24/05/15,2.885,2.91
25/05/15,2.885,2.91
26/05/15,2.885,2.91
27/05/15,2.82,2.76
28/05/15,2.825,2.77
29/05/15,2.775,2.7
30/05/15,2.65,2.7
31/05/15,2.65,2.7
01/06/15,2.65,2.59
02/06/15,2.6,2.55
03/06/15,2.625,2.54
04/06/15,2.635,2.575
05/06/15,2.595,2.54
06/06/15,2.56,2.55
07/06/15,2.56,2.55
08/06/15,2.56,2.55
09/06/15,2.685,2.65
10/06/15,2.815,2.75
11/06/15,2.92,2.755
12/06/15,2.875,2.81
13/06/15,2.765,2.75
14/06/15,2.765,2.75
15/06/15,2.765,2.75
16/06/15,2.86,2.8
17/06/15,2.935,2.835
18/06/15,2.935,2.835
19/06/15,2.855,2.795
20/06/15,2.805,2.755
21/06/15,2.805,2.755
22/06/15,2.805,2.755
23/06/15,2.775,2.775
24/06/15,2.83,2.79
25/06/15,2.77,2.74
26/06/15,2.79,2.75
27/06/15,2.77,2.75
28/06/15,2.77,2.75
29/06/15,2.77,2.75
30/06/15,2.805,2.82
01/07/15,2.775,2.765
02/07/15,2.81,2.82
03/07/15,2.79,2.835
04/07/15,2.79,2.835
05/07/15,2.79,2.835
06/07/15,2.79,2.835
07/07/15,2.74,2.75
08/07/15,2.73,2.725
09/07/15,2.71,2.715
10/07/15,2.685,2.64
11/07/15,2.745,2.76
12/07/15,2.745,2.76
13/07/15,2.745,2.76
14/07/15,2.88,2.85
15/07/15,2.945,2.92
16/07/15,2.92,2.86
17/07/15,2.9,2.89
18/07/15,2.845,2.86
19/07/15,2.845,2.86
20/07/15,2.845,2.86
21/07/15,2.835,2.85
22/07/15,2.885,2.87
23/07/15,2.895,2.9
24/07/15,2.915,2.9
25/07/15,2.815,2.9
26/07/15,2.815,2.9
27/07/15,2.815,2.9
28/07/15,2.835,2.815
29/07/15,2.875,2.845
30/07/15,2.9,2.845
31/07/15,2.85,2.815
01/08/15,2.765,2.75
02/08/15,2.765,2.75
03/08/15,2.765,2.75
04/08/15,2.755,2.76
05/08/15,2.82,2.81
06/08/15,2.855,2.81
07/08/15,2.765,2.78
08/08/15,2.81,2.785
09/08/15,2.81,2.785
10/08/15,2.81,2.785
11/08/15,2.85,2.86
12/08/15,2.845,2.835
13/08/15,2.915,2.89
14/08/15,2.915,2.9
15/08/15,2.825,2.81
16/08/15,2.825,2.81
17/08/15,2.825,2.81
18/08/15,2.765,2.72
19/08/15,2.71,2.7
20/08/15,2.73,2.68
21/08/15,2.71,2.655
22/08/15,2.7,2.63
23/08/15,2.7,2.63
24/08/15,2.7,2.63
25/08/15,2.64,2.63
26/08/15,2.695,2.67
27/08/15,2.725,2.67
28/08/15,2.685,2.63
29/08/15,2.655,2.625
30/08/15,2.655,2.625
31/08/15,2.655,2.625
01/09/15,2.685,2.605
02/09/15,2.745,2.67
03/09/15,2.72,2.66
04/09/15,2.675,2.63
05/09/15,2.67,2.665
06/09/15,2.67,2.665
07/09/15,2.67,2.665
08/09/15,2.67,2.665
09/09/15,2.735,2.705
10/09/15,2.73,2.7
11/09/15,2.705,2.655
12/09/15,2.65,2.675
13/09/15,2.65,2.675
14/09/15,2.65,2.675
15/09/15,2.7,2.66
16/09/15,2.73,2.66
17/09/15,2.685,2.615
18/09/15,2.675,2.605
19/09/15,2.625,2.585
20/09/15,2.625,2.585
21/09/15,2.625,2.585
22/09/15,2.59,2.545
23/09/15,2.585,2.6
24/09/15,2.59,2.565
25/09/15,2.565,2.51
26/09/15,2.545,2.52
27/09/15,2.545,2.52
28/09/15,2.545,2.52
29/09/15,2.635,2.52
30/09/15,2.53,2.52
01/10/15,2.745,2.53
02/10/15,2.735,2.43
03/10/15,2.265,2.305
04/10/15,2.265,2.305
05/10/15,2.265,2.305
06/10/15,2.325,2.34
07/10/15,2.35,2.365
08/10/15,2.46,2.455
09/10/15,2.435,2.45
10/10/15,2.375,2.42
11/10/15,2.375,2.42
12/10/15,2.375,2.42
13/10/15,2.435,2.465
14/10/15,2.44,2.38
15/10/15,2.435,2.415
16/10/15,2.495,2.485
17/10/15,2.38,2.395
18/10/15,2.38,2.395
19/10/15,2.38,2.395
20/10/15,2.43,2.44
21/10/15,2.445,2.425
22/10/15,2.36,2.28
23/10/15,2.43,2.315
24/10/15,2.43,2.3
25/10/15,2.43,2.3
26/10/15,2.265,2.3
27/10/15,2.14,2.19
28/10/15,2.075,2.145
29/10/15,2.1,2.145
30/10/15,2.11,2.095
31/10/15,1.965,2.095
01/11/15,1.965,1.915
02/11/15,1.965,1.915
03/11/15,1.92,1.845
04/11/15,1.9,1.85
05/11/15,2.02,2.05
06/11/15,2.09,2.05
07/11/15,2.17,2.11
08/11/15,2.17,2.11
09/11/15,2.17,2.11
10/11/15,2.12,2.08
11/11/15,2.115,2.07
12/11/15,2.115,2.06
13/11/15,2.01,1.94
14/11/15,2.01,1.97
15/11/15,2.01,1.97
16/11/15,2.01,1.97
17/11/15,2.135,2.125
18/11/15,2.05,2
19/11/15,2.1,2.07
20/11/15,2.155,2.16
21/11/15,2.16,2.22
22/11/15,2.16,2.22
23/11/15,2.16,2.22
24/11/15,2.135,2.195
25/11/15,2.11,2.085
26/11/15,2.06,2.045
27/11/15,2.06,2.045
28/11/15,2.06,2.045
29/11/15,2.06,2.045
30/11/15,2.06,2.045
01/12/15,2.095,2.215
02/12/15,2.14,2.295
03/12/15,2.175,2.225
04/12/15,2.11,2.195
05/12/15,2.085,2.14
06/12/15,2.085,2.14
07/12/15,2.085,2.14
08/12/15,2.03,2.055
09/12/15,1.975,1.985
10/12/15,2,2.005
11/12/15,1.905,1.945
12/12/15,1.76,1.77
13/12/15,1.76,1.77
14/12/15,1.76,1.77
15/12/15,1.69,1.72
16/12/15,1.65,1.68
17/12/15,1.675,1.845
18/12/15,1.75,1.785
19/12/15,1.7,1.735
20/12/15,1.7,1.735
21/12/15,1.7,1.735
22/12/15,1.71,1.735
23/12/15,1.75,1.735
24/12/15,1.625,1.725
25/12/15,1.535,1.61
26/12/15,1.535,1.61
27/12/15,1.535,1.61
28/12/15,1.535,1.61
29/12/15,2.08,2.25
30/12/15,2.36,2.485
31/12/15,2.27,2.295
01/01/16,2.31,2.29
02/01/16,2.31,2.29
03/01/16,2.31,2.29
04/01/16,2.31,2.29
05/01/16,2.385,2.385
06/01/16,2.325,2.265
07/01/16,2.345,2.285
08/01/16,2.345,2.285
09/01/16,2.47,2.395
10/01/16,2.47,2.395
11/01/16,2.47,2.395
12/01/16,2.525,2.42
13/01/16,2.385,2.285
14/01/16,2.305,2.245
15/01/16,2.195,2.15
16/01/16,2.19,2.115
17/01/16,2.19,2.115
18/01/16,2.19,2.115
19/01/16,2.19,2.115
20/01/16,2.215,2.075
21/01/16,2.145,2.055
22/01/16,2.2,2.15
23/01/16,2.225,2.13
24/01/16,2.225,2.13
25/01/16,2.225,2.13
26/01/16,2.15,2.095
27/01/16,2.23,2.16
28/01/16,2.235,2.175
29/01/16,2.12,2.105
30/01/16,2.12,2.105
31/01/16,2.12,2.105
01/02/16,2.26,2.235
02/02/16,2.185,2.13
03/02/16,2.025,2.005
04/02/16,2.06,2.01
05/02/16,2.045,1.99
06/02/16,2.085,2.02
07/02/16,2.085,2.02
08/02/16,2.085,2.02
09/02/16,2.225,2.115
10/02/16,2.165,2.085
11/02/16,2.125,2.035
12/02/16,2.12,2.03
13/02/16,2.065,1.955
14/02/16,2.065,1.955
15/02/16,2.065,1.955
16/02/16,2.065,1.955
17/02/16,1.92,1.845
18/02/16,1.915,1.8
19/02/16,1.875,1.77
20/02/16,1.18,1.72
21/02/16,1.18,1.72
22/02/16,1.18,1.72
23/02/16,1.84,1.72
24/02/16,1.83,1.745
25/02/16,1.795,1.7
26/02/16,1.765,1.7
27/02/16,1.665,1.62
28/02/16,1.665,1.62
29/02/16,1.665,1.62
01/03/16,1.6,1.535
02/03/16,1.57,1.535
03/03/16,1.59,1.545
04/03/16,1.56,1.53
05/03/16,1.485,1.455
06/03/16,1.485,1.455
07/03/16,1.485,1.455
08/03/16,1.525,1.465
09/03/16,1.55,1.48
10/03/16,1.575,1.53
11/03/16,1.695,1.6
12/03/16,1.72,1.725
13/03/16,1.72,1.725
14/03/16,1.72,1.725
15/03/16,1.685,1.75
16/03/16,1.775,1.775
17/03/16,1.74,1.85
18/03/16,1.81,1.815
19/03/16,1.84,1.82
20/03/16,1.84,1.82
21/03/16,1.84,1.82
22/03/16,1.76,1.8
23/03/16,1.755,1.76
24/03/16,1.805,1.73
25/03/16,1.73,1.69
26/03/16,1.73,1.69
27/03/16,1.73,1.69
28/03/16,1.73,1.69
29/03/16,1.73,1.7
30/03/16,1.765,1.775
31/03/16,1.835,1.87
01/04/16,1.925,1.995
02/04/16,1.87,1.82
03/04/16,1.87,1.82
04/04/16,1.87,1.82
05/04/16,1.94,1.87
06/04/16,1.91,1.865
07/04/16,1.865,1.825
08/04/16,1.94,1.9
09/04/16,1.975,1.85
10/04/16,1.975,1.85
11/04/16,1.975,1.85
12/04/16,1.88,1.795
13/04/16,1.94,1.84
14/04/16,1.98,1.9
15/04/16,1.91,1.805
16/04/16,1.705,1.74
17/04/16,1.705,1.74
18/04/16,1.705,1.74
19/04/16,1.765,1.79
20/04/16,1.915,1.88
21/04/16,2.015,2.01
22/04/16,1.935,1.95
23/04/16,1.9,1.94
24/04/16,1.9,1.94
25/04/16,1.9,1.94
26/04/16,1.97,1.94
27/04/16,1.88,1.89
28/04/16,1.88,1.85
29/04/16,1.895,1.845
30/04/16,1.895,1.845
01/05/16,1.905,1.82
02/05/16,1.905,1.82
03/05/16,1.91,1.85
04/05/16,1.92,1.905
05/05/16,1.995,1.97
06/05/16,2.035,1.905
07/05/16,1.84,1.8
08/05/16,1.84,1.8
09/05/16,1.84,1.8
10/05/16,1.97,1.92
11/05/16,2.045,1.98
12/05/16,2.01,1.93
13/05/16,2.005,1.98
14/05/16,1.955,1.92
15/05/16,1.955,1.92
16/05/16,1.955,1.92
17/05/16,1.905,1.85
18/05/16,1.97,1.91
19/05/16,1.91,1.84
20/05/16,1.83,1.73
21/05/16,1.815,1.745
22/05/16,1.815,1.745
23/05/16,1.815,1.745
24/05/16,1.955,1.925
25/05/16,1.81,1.85
26/05/16,1.78,1.77
27/05/16,1.76,1.75
28/05/16,1.78,1.85
29/05/16,1.78,1.85
30/05/16,1.78,1.85
31/05/16,1.78,1.85
01/06/16,2.086,1.975
02/06/16,2.255,2.185
03/06/16,2.3,2.205
04/06/16,2.316,2.225
05/06/16,2.316,2.225
06/06/16,2.316,2.225
07/06/16,2.325,2.26
08/06/16,2.285,2.23
09/06/16,2.33,2.27
10/06/16,2.306,2.295
11/06/16,2.415,2.36
12/06/16,2.415,2.36
13/06/16,2.415,2.36
14/06/16,2.525,2.48
15/06/16,2.515,2.46
16/06/16,2.82,2.51
17/06/16,2.605,2.5
18/06/16,2.58,2.56
19/06/16,2.58,2.56
20/06/16,2.58,2.56
21/06/16,2.735,2.62
22/06/16,2.76,2.71
23/06/16,2.78,2.73
24/06/16,2.68,2.63
25/06/16,2.675,2.62
26/06/16,2.675,2.62
27/06/16,2.675,2.62
28/06/16,2.67,2.695
29/06/16,2.855,2.75
30/06/16,2.93,2.85
01/07/16,2.9,2.785
02/07/16,2.875,2.8
03/07/16,2.875,2.8
04/07/16,2.875,2.8
05/07/16,2.875,2.8
06/07/16,2.82,2.71
07/07/16,2.755,2.65
08/07/16,2.85,2.75
09/07/16,2.77,2.68
10/07/16,2.77,2.68
11/07/16,2.77,2.68
12/07/16,2.845,2.735
13/07/16,2.75,2.65
14/07/16,2.805,2.71
15/07/16,2.775,2.695
16/07/16,2.665,2.605
17/07/16,2.665,2.605
18/07/16,2.665,2.605
19/07/16,2.81,2.73
20/07/16,2.805,2.73
21/07/16,2.72,2.655
22/07/16,2.705,2.65
23/07/16,2.785,2.745
24/07/16,2.785,2.745
25/07/16,2.785,2.745
26/07/16,2.8,2.75
27/07/16,2.715,2.7
28/07/16,2.795,2.67
29/07/16,2.765,2.69
30/07/16,2.945,2.69
31/07/16,2.945,2.69
01/08/16,2.945,2.95
02/08/16,2.87,2.865
03/08/16,2.79,2.755
04/08/16,2.885,2.81
05/08/16,2.885,2.875
06/08/16,2.85,2.8
07/08/16,2.85,2.8
08/08/16,2.85,2.8
09/08/16,2.83,2.755
10/08/16,2.75,2.71
11/08/16,2.73,2.67
12/08/16,2.67,2.62
13/08/16,2.7,2.62
14/08/16,2.7,2.62
15/08/16,2.7,2.62
16/08/16,2.71,2.65
17/08/16,2.71,2.655
18/08/16,2.705,2.605
19/08/16,2.71,2.62
20/08/16,2.645,2.605
21/08/16,2.645,2.605
22/08/16,2.645,2.605
23/08/16,2.74,2.68
24/08/16,2.71,2.675
25/08/16,2.775,2.74
26/08/16,2.86,2.795
27/08/16,2.87,2.85
28/08/16,2.87,2.85
29/08/16,2.87,2.85
30/08/16,2.95,2.82
31/08/16,2.93,2.9
01/09/16,2.935,2.81
02/09/16,2.91,2.885
03/09/16,2.85,2.8
04/09/16,2.85,2.8
05/09/16,2.85,2.8
06/09/16,2.85,2.8
07/09/16,2.825,2.75
08/09/16,2.815,2.75
09/09/16,2.84,2.795
10/09/16,2.95,2.87
11/09/16,2.95,2.87
12/09/16,2.95,2.87
13/09/16,2.99,2.985
14/09/16,3,2.96
15/09/16,3.045,2.89
16/09/16,3.945,2.87
17/09/16,2.945,2.98
18/09/16,2.945,2.98
19/09/16,2.945,2.98
20/09/16,2.975,2.98
21/09/16,3.085,3.06
22/09/16,2.84,3.175
23/09/16,3.14,3.15
24/09/16,3.35,3.09
25/09/16,3.35,3.09
26/09/16,3.35,3.09
27/09/16,3.045,3.04
28/09/16,3.035,3.005
29/09/16,2.975,2.99
30/09/16,2.95,2.97
01/10/16,2.835,2.93
02/10/16,2.835,2.93
03/10/16,2.835,2.93
04/10/16,2.81,2.88
05/10/16,2.83,2.87
06/10/16,2.87,3
07/10/16,2.99,3.13
08/10/16,2.965,3.13
09/10/16,2.965,3.13
10/10/16,2.965,3.12
11/10/16,3.14,3.165
12/10/16,3.14,3.295
13/10/16,3.175,3.35
14/10/16,3.16,3.33
15/10/16,3.125,3.33
16/10/16,3.125,3.33
17/10/16,3.125,3.395
18/10/16,3.165,3.33
19/10/16,3.321,3.44
20/10/16,3.145,3.3
21/10/16,3.075,3.18
22/10/16,2.86,3.18
23/10/16,2.86,3.18
24/10/16,2.86,3.035
25/10/16,2.75,2.985
26/10/16,2.68,2.9
27/10/16,2.675,2.845
28/10/16,2.685,2.76
29/10/16,2.785,2.76
30/10/16,2.785,2.76
31/10/16,2.785,2.75
01/11/16,2.785,2.73
02/11/16,2.515,2.405
03/11/16,2.285,2.5
04/11/16,2.37,2.465
05/11/16,2.195,2.465
06/11/16,2.195,2.465
07/11/16,2.195,2.28
08/11/16,2.335,2.445
09/11/16,2.32,2.32
10/11/16,2.21,2.185
11/11/16,2.06,2.06
12/11/16,2.015,2.06
13/11/16,2.015,2.06
14/11/16,2.015,1.99
15/11/16,2.2,2.265
16/11/16,2.49,2.45
17/11/16,2.52,2.45
18/11/16,2.32,2.23
19/11/16,2.58,2.23
20/11/16,2.58,2.23
21/11/16,2.58,2.54
22/11/16,2.795,2.82
23/11/16,2.73,2.745
24/11/16,2.745,2.67
25/11/16,2.745,2.67
26/11/16,2.745,2.67
27/11/16,2.745,2.67
28/11/16,2.745,2.67
29/11/16,2.92,3.095
30/11/16,3.035,3.15
01/12/16,3.285,3.275
02/12/16,3.405,3.32
03/12/16,3.41,3.32
04/12/16,3.41,3.32
05/12/16,3.41,3.255
06/12/16,3.6,3.53
07/12/16,3.705,3.63
08/12/16,3.765,3.685
09/12/16,3.66,3.59
10/12/16,3.75,3.63
11/12/16,3.75,3.63
12/12/16,3.75,3.63
13/12/16,3.575,3.445
14/12/16,3.605,3.455
15/12/16,3.515,3.425
16/12/16,3.55,3.395
17/12/16,3.46,3.395
18/12/16,3.46,3.395
19/12/16,3.46,3.5
20/12/16,3.535,3.53
21/12/16,3.36,3.27
22/12/16,3.51,3.335
23/12/16,3.57,3.5
24/12/16,3.585,3.49
25/12/16,3.585,3.49
26/12/16,3.585,3.49
27/12/16,3.585,3.49
28/12/16,3.675,3.49
29/12/16,3.675,3.5
30/12/16,3.68,3.6
31/12/16,3.68,3.6
01/01/17,3.65,3.51
02/01/17,3.65,3.51
03/01/17,3.65,3.51
04/01/17,3.39,3.26
05/01/17,3.37,3.235
06/01/17,3.295,3.22
07/01/17,3.295,3.22
08/01/17,3.295,3.22
09/01/17,3.335,3.22
10/01/17,3.12,3.22
11/01/17,3.21,3.15
12/01/17,3.275,3.19
13/01/17,3.325,3.195
14/01/17,3.365,3.24
15/01/17,3.365,3.24
16/01/17,3.365,3.24
17/01/17,3.365,3.24
18/01/17,3.305,3.195
19/01/17,3.255,3.15
20/01/17,3.215,3.11
21/01/17,3.205,3.135
22/01/17,3.205,3.135
23/01/17,3.205,3.135
24/01/17,3.15,3.035
25/01/17,3.25,3.145
26/01/17,3.255,3.205
27/01/17,3.42,3.37
28/01/17,3.285,3.195
29/01/17,3.285,3.195
30/01/17,3.285,3.195
31/01/17,3.195,3.095
01/02/17,3.005,2.985
02/02/17,3.12,3.035
03/02/17,3.1,3.01
04/02/17,3,2.915
05/02/17,3,2.915
06/02/17,3,2.915
07/02/17,2.925,2.835
08/02/17,3.035,2.95
09/02/17,3.005,2.955
10/02/17,3.1,3
11/02/17,2.925,2.88
12/02/17,2.925,2.88
13/02/17,2.925,2.88
14/02/17,2.91,2.86
15/02/17,2.855,2.83
16/02/17,2.92,2.85
17/02/17,2.82,2.755
18/02/17,2.745,2.725
19/02/17,2.745,2.725
20/02/17,2.745,2.725
21/02/17,2.745,2.725
22/02/17,2.515,2.47
23/02/17,2.535,2.47
24/02/17,2.6,2.53
25/02/17,2.48,2.52
26/02/17,2.48,2.52
27/02/17,2.48,2.52
28/02/17,2.435,2.5
01/03/17,2.51,2.505
02/03/17,2.6,2.565
03/03/17,2.59,2.545
04/03/17,2.53,2.615
05/03/17,2.53,2.615
06/03/17,2.53,2.615
07/03/17,2.635,2.735
08/03/17,2.58,2.7
09/03/17,2.685,2.9
10/03/17,2.845,2.855
11/03/17,2.975,2.93
12/03/17,2.975,2.93
13/03/17,2.975,2.93
14/03/17,3.05,2.96
15/03/17,3.04,2.97
16/03/17,3.005,2.93
17/03/17,2.84,2.85
18/03/17,2.83,2.945
19/03/17,2.83,2.945
20/03/17,2.83,2.945
21/03/17,2.925,3.02
22/03/17,3.065,3.04
23/03/17,2.995,3.03
24/03/17,2.935,2.93
25/03/17,2.925,3.02
26/03/17,2.925,3.02
27/03/17,2.925,3.02
28/03/17,2.955,3.06
29/03/17,2.935,3.005
30/03/17,3.035,3.06
31/03/17,3.065,3.05
01/04/17,3.095,3.105
02/04/17,3.095,3.105
03/04/17,3.095,3.105
04/04/17,3.065,3.055
05/04/17,3.07,3.055
06/04/17,3.21,3.2
07/04/17,3.23,3.29
08/04/17,3.195,3.26
09/04/17,3.195,3.26
10/04/17,3.195,3.26
11/04/17,3.15,3.19
12/04/17,3.08,3.065
13/04/17,2.995,3.015
14/04/17,2.985,2.94
15/04/17,2.985,2.94
16/04/17,2.985,2.94
17/04/17,2.985,2.94
18/04/17,3.065,3.24
19/04/17,3.06,3.225
20/04/17,3.125,3.22
21/04/17,3.1,3.21
22/04/17,3.045,3.16
23/04/17,3.045,3.16
24/04/17,3.045,3.16
25/04/17,2.98,3
26/04/17,2.955,3.05
27/04/17,3.02,3.08
28/04/17,3.075,3.1
29/04/17,3.075,3.1
30/04/17,3.075,3.1
01/05/17,3.165,3.215
02/05/17,3.165,3.26
03/05/17,3.115,3.235
04/05/17,3.09,3.165
05/05/17,3.065,3.145
06/05/17,3.075,3.115
07/05/17,3.075,3.115
08/05/17,3.075,3.115
09/05/17,3.035,3.075
10/05/17,3.035,3.06
11/05/17,3.11,3.2
12/05/17,3.205,3.31
13/05/17,3.25,3.35
14/05/17,3.25,3.35
15/05/17,3.25,3.35
16/05/17,3.265,3.33
17/05/17,3.23,3.28
18/05/17,3.165,3.14
19/05/17,3.085,3.22
20/05/17,3.085,3.245
21/05/17,3.085,3.245
22/05/17,3.085,3.245
23/05/17,3.21,3.245
24/05/17,3.2,3.35
25/05/17,3.11,3.25
26/05/17,3.06,3.3
27/05/17,3.1,3.34
28/05/17,3.1,3.34
29/05/17,3.1,3.34
30/05/17,3.1,3.34
31/05/17,3.05,3.34
01/06/17,3.005,3.15
02/06/17,2.94,3.08
03/06/17,2.905,3.1
04/06/17,2.905,3.1
05/06/17,2.905,3.1
06/06/17,2.905,3.1
07/06/17,2.955,3.095
08/06/17,2.985,3.095
09/06/17,2.98,3.05
10/06/17,2.98,3.05
11/06/17,2.98,3.05
12/06/17,2.98,3.05
13/06/17,3.075,3.035
14/06/17,3.02,3.045
15/06/17,2.905,2.98
16/06/17,2.92,3.035
17/06/17,2.98,3.035
18/06/17,2.98,3.035
19/06/17,2.98,3.035
20/06/17,2.855,3.01
21/06/17,2.865,3.035
22/06/17,2.88,3.05
23/06/17,2.85,3.045
24/06/17,2.86,3.035
25/06/17,2.86,3.035
26/06/17,2.86,3.035
27/06/17,2.98,3.1
28/06/17,2.98,3.13
29/06/17,3.015,3.12
30/06/17,3.01,3.13
01/07/17,2.95,3.055
02/07/17,2.95,3.055
03/07/17,2.95,3.055
04/07/17,2.95,3.055
05/07/17,2.95,3.055
06/07/17,2.9,2.975
07/07/17,2.875,2.85
08/07/17,2.9,2.96
09/07/17,2.9,2.96
10/07/17,2.9,2.96
11/07/17,2.91,2.95
12/07/17,2.99,2.955
13/07/17,2.975,2.935
14/07/17,2.94,2.93
15/07/17,2.93,2.96
16/07/17,2.93,2.96
17/07/17,2.93,2.96
18/07/17,3.02,2.955
19/07/17,3.085,3.03
20/07/17,3.1,3.06
21/07/17,3.1,3.05
22/07/17,3.025,2.995
23/07/17,3.025,2.995
24/07/17,3.025,2.995
25/07/17,2.96,2.88
26/07/17,2.97,2.88
27/07/17,2.925,2.875
28/07/17,2.925,2.905
29/07/17,2.915,2.9
30/07/17,2.915,2.9
31/07/17,2.915,2.9
01/08/17,2.835,2.785
02/08/17,2.75,2.74
03/08/17,2.765,2.79
04/08/17,2.775,2.775
05/08/17,2.76,2.765
06/08/17,2.76,2.765
07/08/17,2.76,2.765
08/08/17,2.75,2.75
09/08/17,2.77,2.76
10/08/17,2.855,2.815
11/08/17,2.875,2.845
12/08/17,2.91,2.925
13/08/17,2.91,2.925
14/08/17,2.91,2.925
15/08/17,2.96,2.94
16/08/17,2.925,2.9
17/08/17,2.89,2.87
18/08/17,2.875,2.87
19/08/17,2.9,2.925
20/08/17,2.9,2.925
21/08/17,2.9,2.925
22/08/17,2.985,2.86
23/08/17,3.01,2.965
24/08/17,2.92,2.88
25/08/17,2.965,2.88
26/08/17,2.93,2.96
27/08/17,2.93,2.96
28/08/17,2.93,2.96
29/08/17,2.92,2.9
30/08/17,2.885,2.845
31/08/17,2.86,2.865
01/09/17,2.89,2.925
02/09/17,2.905,3.035
03/09/17,2.905,3.035
04/09/17,2.905,3.035
05/09/17,2.905,3.035
06/09/17,2.865,2.965
07/09/17,2.935,2.97
08/09/17,2.875,2.905
09/09/17,2.845,2.81
10/09/17,2.845,2.81
11/09/17,2.845,2.81
12/09/17,2.85,2.855
13/09/17,2.9,2.93
14/09/17,2.99,2.97
15/09/17,3.035,2.96
16/09/17,2.99,2.91
17/09/17,2.99,2.91
18/09/17,2.99,2.91
19/09/17,3.1,3.035
20/09/17,3.13,3.035
21/09/17,3.14,3.025
22/09/17,3.105,2.97
23/09/17,2.94,2.895
24/09/17,2.94,2.895
25/09/17,2.94,2.895
26/09/17,2.965,2.895
27/09/17,2.955,2.885
28/09/17,2.96,2.95
29/09/17,2.92,2.9
30/09/17,2.92,2.9
01/10/17,2.9,2.915
02/10/17,2.9,2.915
03/10/17,2.805,2.82
04/10/17,2.725,2.875
05/10/17,2.815,2.99
06/10/17,2.91,2.96
07/10/17,2.92,2.91
08/10/17,2.92,2.91
09/10/17,2.92,2.91
10/10/17,2.86,2.895
11/10/17,2.895,2.935
12/10/17,2.965,2.965
13/10/17,2.905,2.97
14/10/17,3.01,3.025
15/10/17,3.01,3.025
16/10/17,3.01,3.025
17/10/17,2.87,2.94
18/10/17,2.88,3
19/10/17,2.81,2.89
20/10/17,2.815,2.845
21/10/17,2.815,2.845
22/10/17,2.815,2.845
23/10/17,2.76,2.895
24/10/17,2.94,3.01
25/10/17,2.915,3.02
26/10/17,2.935,2.975
27/10/17,2.885,2.93
28/10/17,2.78,2.82
29/10/17,2.78,2.82
30/10/17,2.78,2.82
31/10/17,2.87,2.905
01/11/17,2.77,2.76
02/11/17,2.645,2.69
03/11/17,2.685,2.75
04/11/17,2.735,2.79
05/11/17,2.735,2.79
06/11/17,2.735,2.79
07/11/17,3.03,2.94
08/11/17,3.075,3
09/11/17,3.15,3.075
10/11/17,3.18,3.11
11/11/17,3.145,3.07
12/11/17,3.145,3.07
13/11/17,3.145,3.07
14/11/17,3.12,3.07
15/11/17,3.085,2.985
16/11/17,3.115,3.03
17/11/17,3.06,2.97
18/11/17,3.05,3
19/11/17,3.05,3
20/11/17,3.05,3
21/11/17,3.05,2.995
22/11/17,3.045,2.98
23/11/17,2.925,2.89
24/11/17,2.925,2.89
25/11/17,2.925,2.89
26/11/17,2.925,2.89
27/11/17,2.925,2.89
28/11/17,2.815,2.81
29/11/17,2.91,2.875
30/11/17,3.065,3.055
01/12/17,2.94,2.9
02/12/17,2.84,2.835
03/12/17,2.84,2.835
04/12/17,2.84,2.835
05/12/17,2.9,2.86
06/12/17,2.865,2.875
07/12/17,2.92,2.92
08/12/17,2.805,2.795
09/12/17,2.745,2.715
10/12/17,2.745,2.715
11/12/17,2.745,2.715
12/12/17,2.795,2.785
13/12/17,2.815,2.765
14/12/17,2.675,2.655
15/12/17,2.665,2.65
16/12/17,2.62,2.605
17/12/17,2.62,2.605
18/12/17,2.62,2.605
19/12/17,2.705,2.745
20/12/17,2.74,2.71
21/12/17,2.695,2.615
22/12/17,2.6,2.615
23/12/17,2.61,2.62
24/12/17,2.61,2.62
25/12/17,2.61,2.62
26/12/17,2.61,2.62
27/12/17,2.7,2.725
28/12/17,2.755,2.75
29/12/17,2.965,3.05
30/12/17,2.965,3.05
31/12/17,2.965,3.05
